"Time [s]", "Distance [in]", "Shield Material", "Number of Shields", "Thickness of Shield", "Total Count"
120.0, 3.0, "Control", 1, 0, 218
120.0, 3.0, "Polyeurathane", 1, .05, 176
120.0, 3.0, "Polyeurathane", 2, .10, 202
120.0, 3.0, "Polyeurathane", 3, .15, 201
120.0, 3.0, "Polyeurathane", 4, .19, 176
120.0, 3.0, "Polyeurathane", 5, .24, 166
120.0, 3.0, "Aluminum", 1, .092, 163
120.0, 3.0, "Aluminum", 2, .192, 174
120.0, 3.0, "Aluminum", 3, .287, 154
120.0, 3.0, "Aluminum", 6, .576, 176
120.0, 3.0, "Aluminum", 9, .861, 160
120.0, 3.0, "Aluminum", 12, 1.159, 152
120.0, 3.0, "Mylar", 1, .065, 187
120.0, 3.0, "Mylar", 2, .132, 180
120.0, 3.0, "Mylar", 4, .259, 181
120.0, 3.0, "Mylar", 6, .401, 188
120.0, 3.0, "Mylar", 8, .555, 186
120.0, 3.0, "Mylar", 10, .684, 178
120.0, 3.0, "Lead", 1, .047, 208
120.0, 3.0, "Lead", 3, .133, 171
120.0, 3.0, "Lead", 6, .285, 142
120.0, 3.0, "Lead", 9, .418, 116
120.0, 3.0, "Lead", 12, .551, 117
120.0, 3.0, "MLI", 1, .096, 204
120.0, 3.0, "Cardboard", 1, .054, 176
120.0, 3.0, "Cardboard", 2, .127, 163
120.0, 3.0, "Cardboard", 5, .417, 191
120.0, 3.0, "Cardboard", 8, .641, 212