sweep_index,point_index,elapsed_time_s,angle_deg,dist_mm
0.000000000000000000e+00,0.000000000000000000e+00,1.961175918579101562e+00,-4.500000000000000000e+01,2.050000000000000000e+02
0.000000000000000000e+00,1.000000000000000000e+00,1.961175918579101562e+00,0.000000000000000000e+00,1.838000000000000114e+02
0.000000000000000000e+00,2.000000000000000000e+00,1.961175918579101562e+00,4.500000000000000000e+01,2.111999999999999886e+02
1.000000000000000000e+00,0.000000000000000000e+00,3.923803806304931641e+00,-4.500000000000000000e+01,2.045999999999999943e+02
1.000000000000000000e+00,1.000000000000000000e+00,3.923803806304931641e+00,0.000000000000000000e+00,1.845999999999999943e+02
1.000000000000000000e+00,2.000000000000000000e+00,3.923803806304931641e+00,4.500000000000000000e+01,2.120000000000000000e+02
2.000000000000000000e+00,0.000000000000000000e+00,5.884819984436035156e+00,-4.500000000000000000e+01,2.038000000000000114e+02
2.000000000000000000e+00,1.000000000000000000e+00,5.884819984436035156e+00,0.000000000000000000e+00,1.840000000000000000e+02
2.000000000000000000e+00,2.000000000000000000e+00,5.884819984436035156e+00,4.500000000000000000e+01,2.125999999999999943e+02
3.000000000000000000e+00,0.000000000000000000e+00,7.846890926361083984e+00,-4.500000000000000000e+01,2.048000000000000114e+02
3.000000000000000000e+00,1.000000000000000000e+00,7.846890926361083984e+00,0.000000000000000000e+00,1.835999999999999943e+02
3.000000000000000000e+00,2.000000000000000000e+00,7.846890926361083984e+00,4.500000000000000000e+01,2.128000000000000114e+02
4.000000000000000000e+00,0.000000000000000000e+00,9.809212923049926758e+00,-4.500000000000000000e+01,2.051999999999999886e+02
4.000000000000000000e+00,1.000000000000000000e+00,9.809212923049926758e+00,0.000000000000000000e+00,1.841999999999999886e+02
4.000000000000000000e+00,2.000000000000000000e+00,9.809212923049926758e+00,4.500000000000000000e+01,2.110000000000000000e+02
5.000000000000000000e+00,0.000000000000000000e+00,1.177129840850830078e+01,-4.500000000000000000e+01,2.048300000000000125e+02
5.000000000000000000e+00,1.000000000000000000e+00,1.177129840850830078e+01,0.000000000000000000e+00,1.835999999999999943e+02
5.000000000000000000e+00,2.000000000000000000e+00,1.177129840850830078e+01,4.500000000000000000e+01,2.115999999999999943e+02
6.000000000000000000e+00,0.000000000000000000e+00,1.373272466659545898e+01,-4.500000000000000000e+01,2.051999999999999886e+02
6.000000000000000000e+00,1.000000000000000000e+00,1.373272466659545898e+01,0.000000000000000000e+00,1.831999999999999886e+02
6.000000000000000000e+00,2.000000000000000000e+00,1.373272466659545898e+01,4.500000000000000000e+01,2.121999999999999886e+02
7.000000000000000000e+00,0.000000000000000000e+00,1.569455027580261230e+01,-4.500000000000000000e+01,2.045999999999999943e+02
7.000000000000000000e+00,1.000000000000000000e+00,1.569455027580261230e+01,0.000000000000000000e+00,1.834000000000000057e+02
7.000000000000000000e+00,2.000000000000000000e+00,1.569455027580261230e+01,4.500000000000000000e+01,2.111999999999999886e+02
8.000000000000000000e+00,0.000000000000000000e+00,1.765719270706176758e+01,-4.500000000000000000e+01,2.050000000000000000e+02
8.000000000000000000e+00,1.000000000000000000e+00,1.765719270706176758e+01,0.000000000000000000e+00,1.844000000000000057e+02
8.000000000000000000e+00,2.000000000000000000e+00,1.765719270706176758e+01,4.500000000000000000e+01,2.110000000000000000e+02
9.000000000000000000e+00,0.000000000000000000e+00,1.961918377876281738e+01,-4.500000000000000000e+01,2.050000000000000000e+02
9.000000000000000000e+00,1.000000000000000000e+00,1.961918377876281738e+01,0.000000000000000000e+00,1.841699999999999875e+02
9.000000000000000000e+00,2.000000000000000000e+00,1.961918377876281738e+01,4.500000000000000000e+01,2.121999999999999886e+02
1.000000000000000000e+01,0.000000000000000000e+00,2.158035802841186523e+01,-4.500000000000000000e+01,2.055999999999999943e+02
1.000000000000000000e+01,1.000000000000000000e+00,2.158035802841186523e+01,0.000000000000000000e+00,1.840000000000000000e+02
1.000000000000000000e+01,2.000000000000000000e+00,2.158035802841186523e+01,4.500000000000000000e+01,2.120000000000000000e+02
1.100000000000000000e+01,0.000000000000000000e+00,2.354170179367065430e+01,-4.500000000000000000e+01,2.074000000000000057e+02
1.100000000000000000e+01,1.000000000000000000e+00,2.354170179367065430e+01,0.000000000000000000e+00,1.841999999999999886e+02
1.100000000000000000e+01,2.000000000000000000e+00,2.354170179367065430e+01,4.500000000000000000e+01,2.111999999999999886e+02
1.200000000000000000e+01,0.000000000000000000e+00,2.550348162651062012e+01,-4.500000000000000000e+01,2.060000000000000000e+02
1.200000000000000000e+01,1.000000000000000000e+00,2.550348162651062012e+01,0.000000000000000000e+00,1.830000000000000000e+02
1.200000000000000000e+01,2.000000000000000000e+00,2.550348162651062012e+01,4.500000000000000000e+01,2.110000000000000000e+02
1.300000000000000000e+01,0.000000000000000000e+00,2.746595788002014160e+01,-4.500000000000000000e+01,2.055999999999999943e+02
1.300000000000000000e+01,1.000000000000000000e+00,2.746595788002014160e+01,0.000000000000000000e+00,1.845999999999999943e+02
1.300000000000000000e+01,2.000000000000000000e+00,2.746595788002014160e+01,4.500000000000000000e+01,2.108300000000000125e+02
1.400000000000000000e+01,0.000000000000000000e+00,2.942819023132324219e+01,-4.500000000000000000e+01,2.038000000000000114e+02
1.400000000000000000e+01,1.000000000000000000e+00,2.942819023132324219e+01,0.000000000000000000e+00,1.844000000000000057e+02
1.400000000000000000e+01,2.000000000000000000e+00,2.942819023132324219e+01,4.500000000000000000e+01,2.121999999999999886e+02
1.500000000000000000e+01,0.000000000000000000e+00,3.139009356498718262e+01,-4.500000000000000000e+01,2.031999999999999886e+02
1.500000000000000000e+01,1.000000000000000000e+00,3.139009356498718262e+01,0.000000000000000000e+00,1.834000000000000057e+02
1.500000000000000000e+01,2.000000000000000000e+00,3.139009356498718262e+01,4.500000000000000000e+01,2.115999999999999943e+02
1.600000000000000000e+01,0.000000000000000000e+00,3.335174441337585449e+01,-4.500000000000000000e+01,2.040000000000000000e+02
1.600000000000000000e+01,1.000000000000000000e+00,3.335174441337585449e+01,0.000000000000000000e+00,1.840000000000000000e+02
1.600000000000000000e+01,2.000000000000000000e+00,3.335174441337585449e+01,4.500000000000000000e+01,2.121999999999999886e+02
1.700000000000000000e+01,0.000000000000000000e+00,3.531649923324584961e+01,-4.500000000000000000e+01,2.028300000000000125e+02
1.700000000000000000e+01,1.000000000000000000e+00,3.531649923324584961e+01,0.000000000000000000e+00,1.834000000000000057e+02
1.700000000000000000e+01,2.000000000000000000e+00,3.531649923324584961e+01,4.500000000000000000e+01,2.118000000000000114e+02
1.800000000000000000e+01,0.000000000000000000e+00,3.727827048301696777e+01,-4.500000000000000000e+01,2.051999999999999886e+02
1.800000000000000000e+01,1.000000000000000000e+00,3.727827048301696777e+01,0.000000000000000000e+00,1.838000000000000114e+02
1.800000000000000000e+01,2.000000000000000000e+00,3.727827048301696777e+01,4.500000000000000000e+01,2.120000000000000000e+02
1.900000000000000000e+01,0.000000000000000000e+00,3.924023818969726562e+01,-4.500000000000000000e+01,2.051999999999999886e+02
1.900000000000000000e+01,1.000000000000000000e+00,3.924023818969726562e+01,0.000000000000000000e+00,1.835999999999999943e+02
1.900000000000000000e+01,2.000000000000000000e+00,3.924023818969726562e+01,4.500000000000000000e+01,2.120000000000000000e+02
2.000000000000000000e+01,0.000000000000000000e+00,4.120258212089538574e+01,-4.500000000000000000e+01,2.048000000000000114e+02
2.000000000000000000e+01,1.000000000000000000e+00,4.120258212089538574e+01,0.000000000000000000e+00,1.834000000000000057e+02
2.000000000000000000e+01,2.000000000000000000e+00,4.120258212089538574e+01,4.500000000000000000e+01,2.121999999999999886e+02
2.100000000000000000e+01,0.000000000000000000e+00,4.316476249694824219e+01,-4.500000000000000000e+01,2.048000000000000114e+02
2.100000000000000000e+01,1.000000000000000000e+00,4.316476249694824219e+01,0.000000000000000000e+00,1.831699999999999875e+02
2.100000000000000000e+01,2.000000000000000000e+00,4.316476249694824219e+01,4.500000000000000000e+01,2.125999999999999943e+02
2.200000000000000000e+01,0.000000000000000000e+00,4.512612152099609375e+01,-4.500000000000000000e+01,2.051999999999999886e+02
2.200000000000000000e+01,1.000000000000000000e+00,4.512612152099609375e+01,0.000000000000000000e+00,1.825999999999999943e+02
2.200000000000000000e+01,2.000000000000000000e+00,4.512612152099609375e+01,4.500000000000000000e+01,2.124000000000000057e+02
2.300000000000000000e+01,0.000000000000000000e+00,4.708757662773132324e+01,-4.500000000000000000e+01,2.064000000000000057e+02
2.300000000000000000e+01,1.000000000000000000e+00,4.708757662773132324e+01,0.000000000000000000e+00,1.844000000000000057e+02
2.300000000000000000e+01,2.000000000000000000e+00,4.708757662773132324e+01,4.500000000000000000e+01,2.130000000000000000e+02
2.400000000000000000e+01,0.000000000000000000e+00,4.904662275314331055e+01,-4.500000000000000000e+01,2.058000000000000114e+02
2.400000000000000000e+01,1.000000000000000000e+00,4.904662275314331055e+01,0.000000000000000000e+00,1.828000000000000114e+02
2.400000000000000000e+01,2.000000000000000000e+00,4.904662275314331055e+01,4.500000000000000000e+01,2.114000000000000057e+02
2.500000000000000000e+01,0.000000000000000000e+00,5.101145362854003906e+01,-4.500000000000000000e+01,2.054000000000000057e+02
2.500000000000000000e+01,1.000000000000000000e+00,5.101145362854003906e+01,0.000000000000000000e+00,1.825999999999999943e+02
2.500000000000000000e+01,2.000000000000000000e+00,5.101145362854003906e+01,4.500000000000000000e+01,2.123300000000000125e+02
2.600000000000000000e+01,0.000000000000000000e+00,5.297429871559143066e+01,-4.500000000000000000e+01,2.048000000000000114e+02
2.600000000000000000e+01,1.000000000000000000e+00,5.297429871559143066e+01,0.000000000000000000e+00,1.840000000000000000e+02
2.600000000000000000e+01,2.000000000000000000e+00,5.297429871559143066e+01,4.500000000000000000e+01,2.105999999999999943e+02
2.700000000000000000e+01,0.000000000000000000e+00,5.493863916397094727e+01,-4.500000000000000000e+01,2.044000000000000057e+02
2.700000000000000000e+01,1.000000000000000000e+00,5.493863916397094727e+01,0.000000000000000000e+00,1.834000000000000057e+02
2.700000000000000000e+01,2.000000000000000000e+00,5.493863916397094727e+01,4.500000000000000000e+01,2.121999999999999886e+02
2.800000000000000000e+01,0.000000000000000000e+00,5.690041971206665039e+01,-4.500000000000000000e+01,2.025999999999999943e+02
2.800000000000000000e+01,1.000000000000000000e+00,5.690041971206665039e+01,0.000000000000000000e+00,1.830000000000000000e+02
2.800000000000000000e+01,2.000000000000000000e+00,5.690041971206665039e+01,4.500000000000000000e+01,2.111999999999999886e+02
2.900000000000000000e+01,0.000000000000000000e+00,5.886289572715759277e+01,-4.500000000000000000e+01,2.033300000000000125e+02
2.900000000000000000e+01,1.000000000000000000e+00,5.886289572715759277e+01,0.000000000000000000e+00,1.838000000000000114e+02
2.900000000000000000e+01,2.000000000000000000e+00,5.886289572715759277e+01,4.500000000000000000e+01,2.120000000000000000e+02
3.000000000000000000e+01,0.000000000000000000e+00,6.082483696937561035e+01,-4.500000000000000000e+01,2.060000000000000000e+02
3.000000000000000000e+01,1.000000000000000000e+00,6.082483696937561035e+01,0.000000000000000000e+00,1.830000000000000000e+02
3.000000000000000000e+01,2.000000000000000000e+00,6.082483696937561035e+01,4.500000000000000000e+01,2.131999999999999886e+02
3.100000000000000000e+01,0.000000000000000000e+00,6.278596758842468262e+01,-4.500000000000000000e+01,2.048000000000000114e+02
3.100000000000000000e+01,1.000000000000000000e+00,6.278596758842468262e+01,0.000000000000000000e+00,1.825999999999999943e+02
3.100000000000000000e+01,2.000000000000000000e+00,6.278596758842468262e+01,4.500000000000000000e+01,2.121999999999999886e+02
3.200000000000000000e+01,0.000000000000000000e+00,6.474828290939331055e+01,-4.500000000000000000e+01,2.058000000000000114e+02
3.200000000000000000e+01,1.000000000000000000e+00,6.474828290939331055e+01,0.000000000000000000e+00,1.845999999999999943e+02
3.200000000000000000e+01,2.000000000000000000e+00,6.474828290939331055e+01,4.500000000000000000e+01,2.124000000000000057e+02
3.300000000000000000e+01,0.000000000000000000e+00,6.670993590354919434e+01,-4.500000000000000000e+01,2.048000000000000114e+02
3.300000000000000000e+01,1.000000000000000000e+00,6.670993590354919434e+01,0.000000000000000000e+00,1.841699999999999875e+02
3.300000000000000000e+01,2.000000000000000000e+00,6.670993590354919434e+01,4.500000000000000000e+01,2.125999999999999943e+02
3.400000000000000000e+01,0.000000000000000000e+00,6.867176818847656250e+01,-4.500000000000000000e+01,2.061999999999999886e+02
3.400000000000000000e+01,1.000000000000000000e+00,6.867176818847656250e+01,0.000000000000000000e+00,1.838000000000000114e+02
3.400000000000000000e+01,2.000000000000000000e+00,6.867176818847656250e+01,4.500000000000000000e+01,2.124000000000000057e+02
3.500000000000000000e+01,0.000000000000000000e+00,7.063346982002258301e+01,-4.500000000000000000e+01,2.051999999999999886e+02
3.500000000000000000e+01,1.000000000000000000e+00,7.063346982002258301e+01,0.000000000000000000e+00,1.835999999999999943e+02
3.500000000000000000e+01,2.000000000000000000e+00,7.063346982002258301e+01,4.500000000000000000e+01,2.110000000000000000e+02
3.600000000000000000e+01,0.000000000000000000e+00,7.259551811218261719e+01,-4.500000000000000000e+01,2.058000000000000114e+02
3.600000000000000000e+01,1.000000000000000000e+00,7.259551811218261719e+01,0.000000000000000000e+00,1.828000000000000114e+02
3.600000000000000000e+01,2.000000000000000000e+00,7.259551811218261719e+01,4.500000000000000000e+01,2.118000000000000114e+02
3.700000000000000000e+01,0.000000000000000000e+00,7.455670213699340820e+01,-4.500000000000000000e+01,2.055999999999999943e+02
3.700000000000000000e+01,1.000000000000000000e+00,7.455670213699340820e+01,0.000000000000000000e+00,1.835999999999999943e+02
3.700000000000000000e+01,2.000000000000000000e+00,7.455670213699340820e+01,4.500000000000000000e+01,2.125000000000000000e+02
3.800000000000000000e+01,0.000000000000000000e+00,7.651991987228393555e+01,-4.500000000000000000e+01,2.061999999999999886e+02
3.800000000000000000e+01,1.000000000000000000e+00,7.651991987228393555e+01,0.000000000000000000e+00,1.828000000000000114e+02
3.800000000000000000e+01,2.000000000000000000e+00,7.651991987228393555e+01,4.500000000000000000e+01,2.124000000000000057e+02
3.900000000000000000e+01,0.000000000000000000e+00,7.848214745521545410e+01,-4.500000000000000000e+01,2.055999999999999943e+02
3.900000000000000000e+01,1.000000000000000000e+00,7.848214745521545410e+01,0.000000000000000000e+00,1.831999999999999886e+02
3.900000000000000000e+01,2.000000000000000000e+00,7.848214745521545410e+01,4.500000000000000000e+01,2.121999999999999886e+02
4.000000000000000000e+01,0.000000000000000000e+00,8.044635677337646484e+01,-4.500000000000000000e+01,2.045999999999999943e+02
4.000000000000000000e+01,1.000000000000000000e+00,8.044635677337646484e+01,0.000000000000000000e+00,1.841999999999999886e+02
4.000000000000000000e+01,2.000000000000000000e+00,8.044635677337646484e+01,4.500000000000000000e+01,2.118000000000000114e+02
4.100000000000000000e+01,0.000000000000000000e+00,8.240933418273925781e+01,-4.500000000000000000e+01,2.044000000000000057e+02
4.100000000000000000e+01,1.000000000000000000e+00,8.240933418273925781e+01,0.000000000000000000e+00,1.841999999999999886e+02
4.100000000000000000e+01,2.000000000000000000e+00,8.240933418273925781e+01,4.500000000000000000e+01,2.128000000000000114e+02
4.200000000000000000e+01,0.000000000000000000e+00,8.437164068222045898e+01,-4.500000000000000000e+01,2.051999999999999886e+02
4.200000000000000000e+01,1.000000000000000000e+00,8.437164068222045898e+01,0.000000000000000000e+00,1.848000000000000114e+02
4.200000000000000000e+01,2.000000000000000000e+00,8.437164068222045898e+01,4.500000000000000000e+01,2.128000000000000114e+02
4.300000000000000000e+01,0.000000000000000000e+00,8.633280324935913086e+01,-4.500000000000000000e+01,2.058000000000000114e+02
4.300000000000000000e+01,1.000000000000000000e+00,8.633280324935913086e+01,0.000000000000000000e+00,1.835999999999999943e+02
4.300000000000000000e+01,2.000000000000000000e+00,8.633280324935913086e+01,4.500000000000000000e+01,2.121999999999999886e+02
4.400000000000000000e+01,0.000000000000000000e+00,8.829400086402893066e+01,-4.500000000000000000e+01,2.051999999999999886e+02
4.400000000000000000e+01,1.000000000000000000e+00,8.829400086402893066e+01,0.000000000000000000e+00,1.845999999999999943e+02
4.400000000000000000e+01,2.000000000000000000e+00,8.829400086402893066e+01,4.500000000000000000e+01,2.124000000000000057e+02
4.500000000000000000e+01,0.000000000000000000e+00,9.025205159187316895e+01,-4.500000000000000000e+01,2.048000000000000114e+02
4.500000000000000000e+01,1.000000000000000000e+00,9.025205159187316895e+01,0.000000000000000000e+00,1.840000000000000000e+02
4.500000000000000000e+01,2.000000000000000000e+00,9.025205159187316895e+01,4.500000000000000000e+01,2.121999999999999886e+02
4.600000000000000000e+01,0.000000000000000000e+00,9.221423292160034180e+01,-4.500000000000000000e+01,2.054000000000000057e+02
4.600000000000000000e+01,1.000000000000000000e+00,9.221423292160034180e+01,0.000000000000000000e+00,1.835999999999999943e+02
4.600000000000000000e+01,2.000000000000000000e+00,9.221423292160034180e+01,4.500000000000000000e+01,2.115999999999999943e+02
4.700000000000000000e+01,0.000000000000000000e+00,9.417548441886901855e+01,-4.500000000000000000e+01,2.058000000000000114e+02
4.700000000000000000e+01,1.000000000000000000e+00,9.417548441886901855e+01,0.000000000000000000e+00,1.824000000000000057e+02
4.700000000000000000e+01,2.000000000000000000e+00,9.417548441886901855e+01,4.500000000000000000e+01,2.110000000000000000e+02
4.800000000000000000e+01,0.000000000000000000e+00,9.613731575012207031e+01,-4.500000000000000000e+01,2.060000000000000000e+02
4.800000000000000000e+01,1.000000000000000000e+00,9.613731575012207031e+01,0.000000000000000000e+00,1.838000000000000114e+02
4.800000000000000000e+01,2.000000000000000000e+00,9.613731575012207031e+01,4.500000000000000000e+01,2.110000000000000000e+02
4.900000000000000000e+01,0.000000000000000000e+00,9.809944629669189453e+01,-4.500000000000000000e+01,2.048000000000000114e+02
4.900000000000000000e+01,1.000000000000000000e+00,9.809944629669189453e+01,0.000000000000000000e+00,1.841999999999999886e+02
4.900000000000000000e+01,2.000000000000000000e+00,9.809944629669189453e+01,4.500000000000000000e+01,2.140000000000000000e+02
5.000000000000000000e+01,0.000000000000000000e+00,1.000616044998168945e+02,-4.500000000000000000e+01,2.041999999999999886e+02
5.000000000000000000e+01,1.000000000000000000e+00,1.000616044998168945e+02,0.000000000000000000e+00,1.835999999999999943e+02
5.000000000000000000e+01,2.000000000000000000e+00,1.000616044998168945e+02,4.500000000000000000e+01,2.131999999999999886e+02
5.100000000000000000e+01,0.000000000000000000e+00,1.020236024856567383e+02,-4.500000000000000000e+01,2.031999999999999886e+02
5.100000000000000000e+01,1.000000000000000000e+00,1.020236024856567383e+02,0.000000000000000000e+00,1.840000000000000000e+02
5.100000000000000000e+01,2.000000000000000000e+00,1.020236024856567383e+02,4.500000000000000000e+01,2.125999999999999943e+02
5.200000000000000000e+01,0.000000000000000000e+00,1.039856555461883545e+02,-4.500000000000000000e+01,2.024000000000000057e+02
5.200000000000000000e+01,1.000000000000000000e+00,1.039856555461883545e+02,0.000000000000000000e+00,1.838000000000000114e+02
5.200000000000000000e+01,2.000000000000000000e+00,1.039856555461883545e+02,4.500000000000000000e+01,2.124000000000000057e+02
5.300000000000000000e+01,0.000000000000000000e+00,1.059468667507171631e+02,-4.500000000000000000e+01,2.033300000000000125e+02
5.300000000000000000e+01,1.000000000000000000e+00,1.059468667507171631e+02,0.000000000000000000e+00,1.835999999999999943e+02
5.300000000000000000e+01,2.000000000000000000e+00,1.059468667507171631e+02,4.500000000000000000e+01,2.118000000000000114e+02
5.400000000000000000e+01,0.000000000000000000e+00,1.079095661640167236e+02,-4.500000000000000000e+01,2.048000000000000114e+02
5.400000000000000000e+01,1.000000000000000000e+00,1.079095661640167236e+02,0.000000000000000000e+00,1.838000000000000114e+02
5.400000000000000000e+01,2.000000000000000000e+00,1.079095661640167236e+02,4.500000000000000000e+01,2.125999999999999943e+02
5.500000000000000000e+01,0.000000000000000000e+00,1.098708536624908447e+02,-4.500000000000000000e+01,2.065999999999999943e+02
5.500000000000000000e+01,1.000000000000000000e+00,1.098708536624908447e+02,0.000000000000000000e+00,1.825999999999999943e+02
5.500000000000000000e+01,2.000000000000000000e+00,1.098708536624908447e+02,4.500000000000000000e+01,2.131999999999999886e+02
5.600000000000000000e+01,0.000000000000000000e+00,1.118321666717529297e+02,-4.500000000000000000e+01,2.051999999999999886e+02
5.600000000000000000e+01,1.000000000000000000e+00,1.118321666717529297e+02,0.000000000000000000e+00,1.835999999999999943e+02
5.600000000000000000e+01,2.000000000000000000e+00,1.118321666717529297e+02,4.500000000000000000e+01,2.130000000000000000e+02
5.700000000000000000e+01,0.000000000000000000e+00,1.137947328090667725e+02,-4.500000000000000000e+01,2.034000000000000057e+02
5.700000000000000000e+01,1.000000000000000000e+00,1.137947328090667725e+02,0.000000000000000000e+00,1.846699999999999875e+02
5.700000000000000000e+01,2.000000000000000000e+00,1.137947328090667725e+02,4.500000000000000000e+01,2.131999999999999886e+02
5.800000000000000000e+01,0.000000000000000000e+00,1.157555732727050781e+02,-4.500000000000000000e+01,2.044000000000000057e+02
5.800000000000000000e+01,1.000000000000000000e+00,1.157555732727050781e+02,0.000000000000000000e+00,1.841999999999999886e+02
5.800000000000000000e+01,2.000000000000000000e+00,1.157555732727050781e+02,4.500000000000000000e+01,2.118000000000000114e+02
5.900000000000000000e+01,0.000000000000000000e+00,1.177181458473205566e+02,-4.500000000000000000e+01,2.054000000000000057e+02
5.900000000000000000e+01,1.000000000000000000e+00,1.177181458473205566e+02,0.000000000000000000e+00,1.840000000000000000e+02
5.900000000000000000e+01,2.000000000000000000e+00,1.177181458473205566e+02,4.500000000000000000e+01,2.120000000000000000e+02
6.000000000000000000e+01,0.000000000000000000e+00,1.196798932552337646e+02,-4.500000000000000000e+01,2.055999999999999943e+02
6.000000000000000000e+01,1.000000000000000000e+00,1.196798932552337646e+02,0.000000000000000000e+00,1.848000000000000114e+02
6.000000000000000000e+01,2.000000000000000000e+00,1.196798932552337646e+02,4.500000000000000000e+01,2.118000000000000114e+02
6.100000000000000000e+01,0.000000000000000000e+00,1.216415414810180664e+02,-4.500000000000000000e+01,2.054000000000000057e+02
6.100000000000000000e+01,1.000000000000000000e+00,1.216415414810180664e+02,0.000000000000000000e+00,1.835999999999999943e+02
6.100000000000000000e+01,2.000000000000000000e+00,1.216415414810180664e+02,4.500000000000000000e+01,2.113300000000000125e+02
6.200000000000000000e+01,0.000000000000000000e+00,1.236037693023681641e+02,-4.500000000000000000e+01,2.054000000000000057e+02
6.200000000000000000e+01,1.000000000000000000e+00,1.236037693023681641e+02,0.000000000000000000e+00,1.830000000000000000e+02
6.200000000000000000e+01,2.000000000000000000e+00,1.236037693023681641e+02,4.500000000000000000e+01,2.121999999999999886e+02
6.300000000000000000e+01,0.000000000000000000e+00,1.255652043819427490e+02,-4.500000000000000000e+01,2.040000000000000000e+02
6.300000000000000000e+01,1.000000000000000000e+00,1.255652043819427490e+02,0.000000000000000000e+00,1.830000000000000000e+02
6.300000000000000000e+01,2.000000000000000000e+00,1.255652043819427490e+02,4.500000000000000000e+01,2.121999999999999886e+02
6.400000000000000000e+01,0.000000000000000000e+00,1.275276670455932617e+02,-4.500000000000000000e+01,2.034000000000000057e+02
6.400000000000000000e+01,1.000000000000000000e+00,1.275276670455932617e+02,0.000000000000000000e+00,1.841999999999999886e+02
6.400000000000000000e+01,2.000000000000000000e+00,1.275276670455932617e+02,4.500000000000000000e+01,2.124000000000000057e+02
6.500000000000000000e+01,0.000000000000000000e+00,1.294894082546234131e+02,-4.500000000000000000e+01,2.034000000000000057e+02
6.500000000000000000e+01,1.000000000000000000e+00,1.294894082546234131e+02,0.000000000000000000e+00,1.835999999999999943e+02
6.500000000000000000e+01,2.000000000000000000e+00,1.294894082546234131e+02,4.500000000000000000e+01,2.130000000000000000e+02
6.600000000000000000e+01,0.000000000000000000e+00,1.314508905410766602e+02,-4.500000000000000000e+01,2.031999999999999886e+02
6.600000000000000000e+01,1.000000000000000000e+00,1.314508905410766602e+02,0.000000000000000000e+00,1.834000000000000057e+02
6.600000000000000000e+01,2.000000000000000000e+00,1.314508905410766602e+02,4.500000000000000000e+01,2.128000000000000114e+02
6.700000000000000000e+01,0.000000000000000000e+00,1.334122953414916992e+02,-4.500000000000000000e+01,2.051999999999999886e+02
6.700000000000000000e+01,1.000000000000000000e+00,1.334122953414916992e+02,0.000000000000000000e+00,1.841999999999999886e+02
6.700000000000000000e+01,2.000000000000000000e+00,1.334122953414916992e+02,4.500000000000000000e+01,2.121999999999999886e+02
6.800000000000000000e+01,0.000000000000000000e+00,1.353749952316284180e+02,-4.500000000000000000e+01,2.048000000000000114e+02
6.800000000000000000e+01,1.000000000000000000e+00,1.353749952316284180e+02,0.000000000000000000e+00,1.841999999999999886e+02
6.800000000000000000e+01,2.000000000000000000e+00,1.353749952316284180e+02,4.500000000000000000e+01,2.120000000000000000e+02
6.900000000000000000e+01,0.000000000000000000e+00,1.373370046615600586e+02,-4.500000000000000000e+01,2.041999999999999886e+02
6.900000000000000000e+01,1.000000000000000000e+00,1.373370046615600586e+02,0.000000000000000000e+00,1.838000000000000114e+02
6.900000000000000000e+01,2.000000000000000000e+00,1.373370046615600586e+02,4.500000000000000000e+01,2.111999999999999886e+02
7.000000000000000000e+01,0.000000000000000000e+00,1.392983925342559814e+02,-4.500000000000000000e+01,2.050000000000000000e+02
7.000000000000000000e+01,1.000000000000000000e+00,1.392983925342559814e+02,0.000000000000000000e+00,1.834000000000000057e+02
7.000000000000000000e+01,2.000000000000000000e+00,1.392983925342559814e+02,4.500000000000000000e+01,2.138000000000000114e+02
7.100000000000000000e+01,0.000000000000000000e+00,1.412597377300262451e+02,-4.500000000000000000e+01,2.038000000000000114e+02
7.100000000000000000e+01,1.000000000000000000e+00,1.412597377300262451e+02,0.000000000000000000e+00,1.831999999999999886e+02
7.100000000000000000e+01,2.000000000000000000e+00,1.412597377300262451e+02,4.500000000000000000e+01,2.114000000000000057e+02
7.200000000000000000e+01,0.000000000000000000e+00,1.432218339443206787e+02,-4.500000000000000000e+01,2.048000000000000114e+02
7.200000000000000000e+01,1.000000000000000000e+00,1.432218339443206787e+02,0.000000000000000000e+00,1.845999999999999943e+02
7.200000000000000000e+01,2.000000000000000000e+00,1.432218339443206787e+02,4.500000000000000000e+01,2.110000000000000000e+02
7.300000000000000000e+01,0.000000000000000000e+00,1.451841573715209961e+02,-4.500000000000000000e+01,2.041999999999999886e+02
7.300000000000000000e+01,1.000000000000000000e+00,1.451841573715209961e+02,0.000000000000000000e+00,1.838000000000000114e+02
7.300000000000000000e+01,2.000000000000000000e+00,1.451841573715209961e+02,4.500000000000000000e+01,2.115999999999999943e+02
7.400000000000000000e+01,0.000000000000000000e+00,1.471456921100616455e+02,-4.500000000000000000e+01,2.050000000000000000e+02
7.400000000000000000e+01,1.000000000000000000e+00,1.471456921100616455e+02,0.000000000000000000e+00,1.840000000000000000e+02
7.400000000000000000e+01,2.000000000000000000e+00,1.471456921100616455e+02,4.500000000000000000e+01,2.114000000000000057e+02
7.500000000000000000e+01,0.000000000000000000e+00,1.491080489158630371e+02,-4.500000000000000000e+01,2.041999999999999886e+02
7.500000000000000000e+01,1.000000000000000000e+00,1.491080489158630371e+02,0.000000000000000000e+00,1.845999999999999943e+02
7.500000000000000000e+01,2.000000000000000000e+00,1.491080489158630371e+02,4.500000000000000000e+01,2.124000000000000057e+02
7.600000000000000000e+01,0.000000000000000000e+00,1.510688605308532715e+02,-4.500000000000000000e+01,2.040000000000000000e+02
7.600000000000000000e+01,1.000000000000000000e+00,1.510688605308532715e+02,0.000000000000000000e+00,1.834000000000000057e+02
7.600000000000000000e+01,2.000000000000000000e+00,1.510688605308532715e+02,4.500000000000000000e+01,2.125999999999999943e+02
7.700000000000000000e+01,0.000000000000000000e+00,1.530307638645172119e+02,-4.500000000000000000e+01,2.025999999999999943e+02
7.700000000000000000e+01,1.000000000000000000e+00,1.530307638645172119e+02,0.000000000000000000e+00,1.830000000000000000e+02
7.700000000000000000e+01,2.000000000000000000e+00,1.530307638645172119e+02,4.500000000000000000e+01,2.111999999999999886e+02
7.800000000000000000e+01,0.000000000000000000e+00,1.549929556846618652e+02,-4.500000000000000000e+01,2.038300000000000125e+02
7.800000000000000000e+01,1.000000000000000000e+00,1.549929556846618652e+02,0.000000000000000000e+00,1.838000000000000114e+02
7.800000000000000000e+01,2.000000000000000000e+00,1.549929556846618652e+02,4.500000000000000000e+01,2.128000000000000114e+02
7.900000000000000000e+01,0.000000000000000000e+00,1.569542832374572754e+02,-4.500000000000000000e+01,2.055999999999999943e+02
7.900000000000000000e+01,1.000000000000000000e+00,1.569542832374572754e+02,0.000000000000000000e+00,1.840000000000000000e+02
7.900000000000000000e+01,2.000000000000000000e+00,1.569542832374572754e+02,4.500000000000000000e+01,2.130000000000000000e+02
8.000000000000000000e+01,0.000000000000000000e+00,1.589166381359100342e+02,-4.500000000000000000e+01,2.044000000000000057e+02
8.000000000000000000e+01,1.000000000000000000e+00,1.589166381359100342e+02,0.000000000000000000e+00,1.835999999999999943e+02
8.000000000000000000e+01,2.000000000000000000e+00,1.589166381359100342e+02,4.500000000000000000e+01,2.121999999999999886e+02
8.100000000000000000e+01,0.000000000000000000e+00,1.608787822723388672e+02,-4.500000000000000000e+01,2.045999999999999943e+02
8.100000000000000000e+01,1.000000000000000000e+00,1.608787822723388672e+02,0.000000000000000000e+00,1.840000000000000000e+02
8.100000000000000000e+01,2.000000000000000000e+00,1.608787822723388672e+02,4.500000000000000000e+01,2.114000000000000057e+02
8.200000000000000000e+01,0.000000000000000000e+00,1.628402326107025146e+02,-4.500000000000000000e+01,2.045999999999999943e+02
8.200000000000000000e+01,1.000000000000000000e+00,1.628402326107025146e+02,0.000000000000000000e+00,1.835000000000000000e+02
8.200000000000000000e+01,2.000000000000000000e+00,1.628402326107025146e+02,4.500000000000000000e+01,2.114000000000000057e+02
8.300000000000000000e+01,0.000000000000000000e+00,1.648026030063629150e+02,-4.500000000000000000e+01,2.045999999999999943e+02
8.300000000000000000e+01,1.000000000000000000e+00,1.648026030063629150e+02,0.000000000000000000e+00,1.840000000000000000e+02
8.300000000000000000e+01,2.000000000000000000e+00,1.648026030063629150e+02,4.500000000000000000e+01,2.111999999999999886e+02
8.400000000000000000e+01,0.000000000000000000e+00,1.667639865875244141e+02,-4.500000000000000000e+01,2.034000000000000057e+02
8.400000000000000000e+01,1.000000000000000000e+00,1.667639865875244141e+02,0.000000000000000000e+00,1.831999999999999886e+02
8.400000000000000000e+01,2.000000000000000000e+00,1.667639865875244141e+02,4.500000000000000000e+01,2.120000000000000000e+02
8.500000000000000000e+01,0.000000000000000000e+00,1.687256867885589600e+02,-4.500000000000000000e+01,2.058000000000000114e+02
8.500000000000000000e+01,1.000000000000000000e+00,1.687256867885589600e+02,0.000000000000000000e+00,1.818000000000000114e+02
8.500000000000000000e+01,2.000000000000000000e+00,1.687256867885589600e+02,4.500000000000000000e+01,2.121999999999999886e+02
8.600000000000000000e+01,0.000000000000000000e+00,1.706875278949737549e+02,-4.500000000000000000e+01,2.048000000000000114e+02
8.600000000000000000e+01,1.000000000000000000e+00,1.706875278949737549e+02,0.000000000000000000e+00,1.828000000000000114e+02
8.600000000000000000e+01,2.000000000000000000e+00,1.706875278949737549e+02,4.500000000000000000e+01,2.113300000000000125e+02
8.700000000000000000e+01,0.000000000000000000e+00,1.726492457389831543e+02,-4.500000000000000000e+01,2.055999999999999943e+02
8.700000000000000000e+01,1.000000000000000000e+00,1.726492457389831543e+02,0.000000000000000000e+00,1.840000000000000000e+02
8.700000000000000000e+01,2.000000000000000000e+00,1.726492457389831543e+02,4.500000000000000000e+01,2.130000000000000000e+02
8.800000000000000000e+01,0.000000000000000000e+00,1.746113181114196777e+02,-4.500000000000000000e+01,2.048000000000000114e+02
8.800000000000000000e+01,1.000000000000000000e+00,1.746113181114196777e+02,0.000000000000000000e+00,1.844000000000000057e+02
8.800000000000000000e+01,2.000000000000000000e+00,1.746113181114196777e+02,4.500000000000000000e+01,2.131999999999999886e+02
8.900000000000000000e+01,0.000000000000000000e+00,1.765730593204498291e+02,-4.500000000000000000e+01,2.041999999999999886e+02
8.900000000000000000e+01,1.000000000000000000e+00,1.765730593204498291e+02,0.000000000000000000e+00,1.831999999999999886e+02
8.900000000000000000e+01,2.000000000000000000e+00,1.765730593204498291e+02,4.500000000000000000e+01,2.120000000000000000e+02
9.000000000000000000e+01,0.000000000000000000e+00,1.785352685451507568e+02,-4.500000000000000000e+01,2.031699999999999875e+02
9.000000000000000000e+01,1.000000000000000000e+00,1.785352685451507568e+02,0.000000000000000000e+00,1.840000000000000000e+02
9.000000000000000000e+01,2.000000000000000000e+00,1.785352685451507568e+02,4.500000000000000000e+01,2.120000000000000000e+02
9.100000000000000000e+01,0.000000000000000000e+00,1.804971289634704590e+02,-4.500000000000000000e+01,2.034000000000000057e+02
9.100000000000000000e+01,1.000000000000000000e+00,1.804971289634704590e+02,0.000000000000000000e+00,1.838000000000000114e+02
9.100000000000000000e+01,2.000000000000000000e+00,1.804971289634704590e+02,4.500000000000000000e+01,2.120000000000000000e+02
9.200000000000000000e+01,0.000000000000000000e+00,1.824582431316375732e+02,-4.500000000000000000e+01,2.054000000000000057e+02
9.200000000000000000e+01,1.000000000000000000e+00,1.824582431316375732e+02,0.000000000000000000e+00,1.841999999999999886e+02
9.200000000000000000e+01,2.000000000000000000e+00,1.824582431316375732e+02,4.500000000000000000e+01,2.118000000000000114e+02
9.300000000000000000e+01,0.000000000000000000e+00,1.844197566509246826e+02,-4.500000000000000000e+01,2.050000000000000000e+02
9.300000000000000000e+01,1.000000000000000000e+00,1.844197566509246826e+02,0.000000000000000000e+00,1.835999999999999943e+02
9.300000000000000000e+01,2.000000000000000000e+00,1.844197566509246826e+02,4.500000000000000000e+01,2.130000000000000000e+02
9.400000000000000000e+01,0.000000000000000000e+00,1.863821997642517090e+02,-4.500000000000000000e+01,2.054000000000000057e+02
9.400000000000000000e+01,1.000000000000000000e+00,1.863821997642517090e+02,0.000000000000000000e+00,1.840000000000000000e+02
9.400000000000000000e+01,2.000000000000000000e+00,1.863821997642517090e+02,4.500000000000000000e+01,2.118000000000000114e+02
9.500000000000000000e+01,0.000000000000000000e+00,1.883444685935974121e+02,-4.500000000000000000e+01,2.041999999999999886e+02
9.500000000000000000e+01,1.000000000000000000e+00,1.883444685935974121e+02,0.000000000000000000e+00,1.830000000000000000e+02
9.500000000000000000e+01,2.000000000000000000e+00,1.883444685935974121e+02,4.500000000000000000e+01,2.124000000000000057e+02
9.600000000000000000e+01,0.000000000000000000e+00,1.903063144683837891e+02,-4.500000000000000000e+01,2.051999999999999886e+02
9.600000000000000000e+01,1.000000000000000000e+00,1.903063144683837891e+02,0.000000000000000000e+00,1.841999999999999886e+02
9.600000000000000000e+01,2.000000000000000000e+00,1.903063144683837891e+02,4.500000000000000000e+01,2.124000000000000057e+02
9.700000000000000000e+01,0.000000000000000000e+00,1.922681624889373779e+02,-4.500000000000000000e+01,2.050000000000000000e+02
9.700000000000000000e+01,1.000000000000000000e+00,1.922681624889373779e+02,0.000000000000000000e+00,1.831999999999999886e+02
9.700000000000000000e+01,2.000000000000000000e+00,1.922681624889373779e+02,4.500000000000000000e+01,2.120000000000000000e+02
9.800000000000000000e+01,0.000000000000000000e+00,1.942328994274139404e+02,-4.500000000000000000e+01,2.041999999999999886e+02
9.800000000000000000e+01,1.000000000000000000e+00,1.942328994274139404e+02,0.000000000000000000e+00,1.824000000000000057e+02
9.800000000000000000e+01,2.000000000000000000e+00,1.942328994274139404e+02,4.500000000000000000e+01,2.111699999999999875e+02
9.900000000000000000e+01,0.000000000000000000e+00,1.961952419281005859e+02,-4.500000000000000000e+01,2.034000000000000057e+02
9.900000000000000000e+01,1.000000000000000000e+00,1.961952419281005859e+02,0.000000000000000000e+00,1.841999999999999886e+02
9.900000000000000000e+01,2.000000000000000000e+00,1.961952419281005859e+02,4.500000000000000000e+01,2.124000000000000057e+02
1.000000000000000000e+02,0.000000000000000000e+00,1.981574530601501465e+02,-4.500000000000000000e+01,2.024000000000000057e+02
1.000000000000000000e+02,1.000000000000000000e+00,1.981574530601501465e+02,0.000000000000000000e+00,1.844000000000000057e+02
1.000000000000000000e+02,2.000000000000000000e+00,1.981574530601501465e+02,4.500000000000000000e+01,2.125999999999999943e+02
1.010000000000000000e+02,0.000000000000000000e+00,2.001197781562805176e+02,-4.500000000000000000e+01,2.024000000000000057e+02
1.010000000000000000e+02,1.000000000000000000e+00,2.001197781562805176e+02,0.000000000000000000e+00,1.838000000000000114e+02
1.010000000000000000e+02,2.000000000000000000e+00,2.001197781562805176e+02,4.500000000000000000e+01,2.131999999999999886e+02
1.020000000000000000e+02,0.000000000000000000e+00,2.020812373161315918e+02,-4.500000000000000000e+01,2.043300000000000125e+02
1.020000000000000000e+02,1.000000000000000000e+00,2.020812373161315918e+02,0.000000000000000000e+00,1.835999999999999943e+02
1.020000000000000000e+02,2.000000000000000000e+00,2.020812373161315918e+02,4.500000000000000000e+01,2.115999999999999943e+02
1.030000000000000000e+02,0.000000000000000000e+00,2.040424721240997314e+02,-4.500000000000000000e+01,2.054000000000000057e+02
1.030000000000000000e+02,1.000000000000000000e+00,2.040424721240997314e+02,0.000000000000000000e+00,1.844000000000000057e+02
1.030000000000000000e+02,2.000000000000000000e+00,2.040424721240997314e+02,4.500000000000000000e+01,2.115999999999999943e+02
1.040000000000000000e+02,0.000000000000000000e+00,2.060037035942077637e+02,-4.500000000000000000e+01,2.041999999999999886e+02
1.040000000000000000e+02,1.000000000000000000e+00,2.060037035942077637e+02,0.000000000000000000e+00,1.848000000000000114e+02
1.040000000000000000e+02,2.000000000000000000e+00,2.060037035942077637e+02,4.500000000000000000e+01,2.118000000000000114e+02
1.050000000000000000e+02,0.000000000000000000e+00,2.079664268493652344e+02,-4.500000000000000000e+01,2.044000000000000057e+02
1.050000000000000000e+02,1.000000000000000000e+00,2.079664268493652344e+02,0.000000000000000000e+00,1.838000000000000114e+02
1.050000000000000000e+02,2.000000000000000000e+00,2.079664268493652344e+02,4.500000000000000000e+01,2.118000000000000114e+02
1.060000000000000000e+02,0.000000000000000000e+00,2.099289517402648926e+02,-4.500000000000000000e+01,2.050000000000000000e+02
1.060000000000000000e+02,1.000000000000000000e+00,2.099289517402648926e+02,0.000000000000000000e+00,1.845000000000000000e+02
1.060000000000000000e+02,2.000000000000000000e+00,2.099289517402648926e+02,4.500000000000000000e+01,2.115999999999999943e+02
1.070000000000000000e+02,0.000000000000000000e+00,2.118897473812103271e+02,-4.500000000000000000e+01,2.048000000000000114e+02
1.070000000000000000e+02,1.000000000000000000e+00,2.118897473812103271e+02,0.000000000000000000e+00,1.831999999999999886e+02
1.070000000000000000e+02,2.000000000000000000e+00,2.118897473812103271e+02,4.500000000000000000e+01,2.111999999999999886e+02
1.080000000000000000e+02,0.000000000000000000e+00,2.138522527217864990e+02,-4.500000000000000000e+01,2.038000000000000114e+02
1.080000000000000000e+02,1.000000000000000000e+00,2.138522527217864990e+02,0.000000000000000000e+00,1.841999999999999886e+02
1.080000000000000000e+02,2.000000000000000000e+00,2.138522527217864990e+02,4.500000000000000000e+01,2.110000000000000000e+02
1.090000000000000000e+02,0.000000000000000000e+00,2.158139660358428955e+02,-4.500000000000000000e+01,2.050000000000000000e+02
1.090000000000000000e+02,1.000000000000000000e+00,2.158139660358428955e+02,0.000000000000000000e+00,1.834000000000000057e+02
1.090000000000000000e+02,2.000000000000000000e+00,2.158139660358428955e+02,4.500000000000000000e+01,2.121999999999999886e+02
1.100000000000000000e+02,0.000000000000000000e+00,2.177758364677429199e+02,-4.500000000000000000e+01,2.044000000000000057e+02
1.100000000000000000e+02,1.000000000000000000e+00,2.177758364677429199e+02,0.000000000000000000e+00,1.825999999999999943e+02
1.100000000000000000e+02,2.000000000000000000e+00,2.177758364677429199e+02,4.500000000000000000e+01,2.110000000000000000e+02
1.110000000000000000e+02,0.000000000000000000e+00,2.197376694679260254e+02,-4.500000000000000000e+01,2.044000000000000057e+02
1.110000000000000000e+02,1.000000000000000000e+00,2.197376694679260254e+02,0.000000000000000000e+00,1.838000000000000114e+02
1.110000000000000000e+02,2.000000000000000000e+00,2.197376694679260254e+02,4.500000000000000000e+01,2.114000000000000057e+02
1.120000000000000000e+02,0.000000000000000000e+00,2.216993603706359863e+02,-4.500000000000000000e+01,2.040000000000000000e+02
1.120000000000000000e+02,1.000000000000000000e+00,2.216993603706359863e+02,0.000000000000000000e+00,1.841999999999999886e+02
1.120000000000000000e+02,2.000000000000000000e+00,2.216993603706359863e+02,4.500000000000000000e+01,2.121999999999999886e+02
1.130000000000000000e+02,0.000000000000000000e+00,2.236617288589477539e+02,-4.500000000000000000e+01,2.020000000000000000e+02
1.130000000000000000e+02,1.000000000000000000e+00,2.236617288589477539e+02,0.000000000000000000e+00,1.844000000000000057e+02
1.130000000000000000e+02,2.000000000000000000e+00,2.236617288589477539e+02,4.500000000000000000e+01,2.115999999999999943e+02
1.140000000000000000e+02,0.000000000000000000e+00,2.256236429214477539e+02,-4.500000000000000000e+01,2.025999999999999943e+02
1.140000000000000000e+02,1.000000000000000000e+00,2.256236429214477539e+02,0.000000000000000000e+00,1.834000000000000057e+02
1.140000000000000000e+02,2.000000000000000000e+00,2.256236429214477539e+02,4.500000000000000000e+01,2.115999999999999943e+02
1.150000000000000000e+02,0.000000000000000000e+00,2.275843663215637207e+02,-4.500000000000000000e+01,2.020000000000000000e+02
1.150000000000000000e+02,1.000000000000000000e+00,2.275843663215637207e+02,0.000000000000000000e+00,1.844000000000000057e+02
1.150000000000000000e+02,2.000000000000000000e+00,2.275843663215637207e+02,4.500000000000000000e+01,2.111999999999999886e+02
1.160000000000000000e+02,0.000000000000000000e+00,2.295461804866790771e+02,-4.500000000000000000e+01,2.041999999999999886e+02
1.160000000000000000e+02,1.000000000000000000e+00,2.295461804866790771e+02,0.000000000000000000e+00,1.841999999999999886e+02
1.160000000000000000e+02,2.000000000000000000e+00,2.295461804866790771e+02,4.500000000000000000e+01,2.111999999999999886e+02
1.170000000000000000e+02,0.000000000000000000e+00,2.315086464881896973e+02,-4.500000000000000000e+01,2.034000000000000057e+02
1.170000000000000000e+02,1.000000000000000000e+00,2.315086464881896973e+02,0.000000000000000000e+00,1.844000000000000057e+02
1.170000000000000000e+02,2.000000000000000000e+00,2.315086464881896973e+02,4.500000000000000000e+01,2.118000000000000114e+02
1.180000000000000000e+02,0.000000000000000000e+00,2.334698925018310547e+02,-4.500000000000000000e+01,2.035999999999999943e+02
1.180000000000000000e+02,1.000000000000000000e+00,2.334698925018310547e+02,0.000000000000000000e+00,1.838000000000000114e+02
1.180000000000000000e+02,2.000000000000000000e+00,2.334698925018310547e+02,4.500000000000000000e+01,2.121999999999999886e+02
1.190000000000000000e+02,0.000000000000000000e+00,2.354280765056610107e+02,-4.500000000000000000e+01,2.045999999999999943e+02
1.190000000000000000e+02,1.000000000000000000e+00,2.354280765056610107e+02,0.000000000000000000e+00,1.833300000000000125e+02
1.190000000000000000e+02,2.000000000000000000e+00,2.354280765056610107e+02,4.500000000000000000e+01,2.118000000000000114e+02
1.200000000000000000e+02,0.000000000000000000e+00,2.373904283046722412e+02,-4.500000000000000000e+01,2.045999999999999943e+02
1.200000000000000000e+02,1.000000000000000000e+00,2.373904283046722412e+02,0.000000000000000000e+00,1.834000000000000057e+02
1.200000000000000000e+02,2.000000000000000000e+00,2.373904283046722412e+02,4.500000000000000000e+01,2.118000000000000114e+02
1.210000000000000000e+02,0.000000000000000000e+00,2.393520669937133789e+02,-4.500000000000000000e+01,2.038000000000000114e+02
1.210000000000000000e+02,1.000000000000000000e+00,2.393520669937133789e+02,0.000000000000000000e+00,1.838000000000000114e+02
1.210000000000000000e+02,2.000000000000000000e+00,2.393520669937133789e+02,4.500000000000000000e+01,2.114000000000000057e+02
1.220000000000000000e+02,0.000000000000000000e+00,2.413133056163787842e+02,-4.500000000000000000e+01,2.055999999999999943e+02
1.220000000000000000e+02,1.000000000000000000e+00,2.413133056163787842e+02,0.000000000000000000e+00,1.825999999999999943e+02
1.220000000000000000e+02,2.000000000000000000e+00,2.413133056163787842e+02,4.500000000000000000e+01,2.110000000000000000e+02
1.230000000000000000e+02,0.000000000000000000e+00,2.432744021415710449e+02,-4.500000000000000000e+01,2.054000000000000057e+02
1.230000000000000000e+02,1.000000000000000000e+00,2.432744021415710449e+02,0.000000000000000000e+00,1.831999999999999886e+02
1.230000000000000000e+02,2.000000000000000000e+00,2.432744021415710449e+02,4.500000000000000000e+01,2.114000000000000057e+02
1.240000000000000000e+02,0.000000000000000000e+00,2.452361962795257568e+02,-4.500000000000000000e+01,2.044000000000000057e+02
1.240000000000000000e+02,1.000000000000000000e+00,2.452361962795257568e+02,0.000000000000000000e+00,1.831999999999999886e+02
1.240000000000000000e+02,2.000000000000000000e+00,2.452361962795257568e+02,4.500000000000000000e+01,2.111699999999999875e+02
1.250000000000000000e+02,0.000000000000000000e+00,2.471984925270080566e+02,-4.500000000000000000e+01,2.038000000000000114e+02
1.250000000000000000e+02,1.000000000000000000e+00,2.471984925270080566e+02,0.000000000000000000e+00,1.830000000000000000e+02
1.250000000000000000e+02,2.000000000000000000e+00,2.471984925270080566e+02,4.500000000000000000e+01,2.128000000000000114e+02
1.260000000000000000e+02,0.000000000000000000e+00,2.491595551967620850e+02,-4.500000000000000000e+01,2.030000000000000000e+02
1.260000000000000000e+02,1.000000000000000000e+00,2.491595551967620850e+02,0.000000000000000000e+00,1.838000000000000114e+02
1.260000000000000000e+02,2.000000000000000000e+00,2.491595551967620850e+02,4.500000000000000000e+01,2.108000000000000114e+02
1.270000000000000000e+02,0.000000000000000000e+00,2.511216974258422852e+02,-4.500000000000000000e+01,2.038000000000000114e+02
1.270000000000000000e+02,1.000000000000000000e+00,2.511216974258422852e+02,0.000000000000000000e+00,1.840000000000000000e+02
1.270000000000000000e+02,2.000000000000000000e+00,2.511216974258422852e+02,4.500000000000000000e+01,2.125999999999999943e+02
1.280000000000000000e+02,0.000000000000000000e+00,2.530842013359069824e+02,-4.500000000000000000e+01,2.031699999999999875e+02
1.280000000000000000e+02,1.000000000000000000e+00,2.530842013359069824e+02,0.000000000000000000e+00,1.831999999999999886e+02
1.280000000000000000e+02,2.000000000000000000e+00,2.530842013359069824e+02,4.500000000000000000e+01,2.130000000000000000e+02
1.290000000000000000e+02,0.000000000000000000e+00,2.550457460880279541e+02,-4.500000000000000000e+01,2.038000000000000114e+02
1.290000000000000000e+02,1.000000000000000000e+00,2.550457460880279541e+02,0.000000000000000000e+00,1.834000000000000057e+02
1.290000000000000000e+02,2.000000000000000000e+00,2.550457460880279541e+02,4.500000000000000000e+01,2.114000000000000057e+02
1.300000000000000000e+02,0.000000000000000000e+00,2.570078685283660889e+02,-4.500000000000000000e+01,2.035999999999999943e+02
1.300000000000000000e+02,1.000000000000000000e+00,2.570078685283660889e+02,0.000000000000000000e+00,1.838000000000000114e+02
1.300000000000000000e+02,2.000000000000000000e+00,2.570078685283660889e+02,4.500000000000000000e+01,2.124000000000000057e+02
1.310000000000000000e+02,0.000000000000000000e+00,2.589712293148040771e+02,-4.500000000000000000e+01,2.050000000000000000e+02
1.310000000000000000e+02,1.000000000000000000e+00,2.589712293148040771e+02,0.000000000000000000e+00,1.838000000000000114e+02
1.310000000000000000e+02,2.000000000000000000e+00,2.589712293148040771e+02,4.500000000000000000e+01,2.114000000000000057e+02
1.320000000000000000e+02,0.000000000000000000e+00,2.609316551685333252e+02,-4.500000000000000000e+01,2.038000000000000114e+02
1.320000000000000000e+02,1.000000000000000000e+00,2.609316551685333252e+02,0.000000000000000000e+00,1.838300000000000125e+02
1.320000000000000000e+02,2.000000000000000000e+00,2.609316551685333252e+02,4.500000000000000000e+01,2.121999999999999886e+02
1.330000000000000000e+02,0.000000000000000000e+00,2.628932397365570068e+02,-4.500000000000000000e+01,2.038000000000000114e+02
1.330000000000000000e+02,1.000000000000000000e+00,2.628932397365570068e+02,0.000000000000000000e+00,1.840000000000000000e+02
1.330000000000000000e+02,2.000000000000000000e+00,2.628932397365570068e+02,4.500000000000000000e+01,2.111999999999999886e+02
1.340000000000000000e+02,0.000000000000000000e+00,2.648579483032226562e+02,-4.500000000000000000e+01,2.054000000000000057e+02
1.340000000000000000e+02,1.000000000000000000e+00,2.648579483032226562e+02,0.000000000000000000e+00,1.835999999999999943e+02
1.340000000000000000e+02,2.000000000000000000e+00,2.648579483032226562e+02,4.500000000000000000e+01,2.125999999999999943e+02
1.350000000000000000e+02,0.000000000000000000e+00,2.668215527534484863e+02,-4.500000000000000000e+01,2.060000000000000000e+02
1.350000000000000000e+02,1.000000000000000000e+00,2.668215527534484863e+02,0.000000000000000000e+00,1.841999999999999886e+02
1.350000000000000000e+02,2.000000000000000000e+00,2.668215527534484863e+02,4.500000000000000000e+01,2.114000000000000057e+02
1.360000000000000000e+02,0.000000000000000000e+00,2.687836897373199463e+02,-4.500000000000000000e+01,2.035999999999999943e+02
1.360000000000000000e+02,1.000000000000000000e+00,2.687836897373199463e+02,0.000000000000000000e+00,1.831999999999999886e+02
1.360000000000000000e+02,2.000000000000000000e+00,2.687836897373199463e+02,4.500000000000000000e+01,2.108300000000000125e+02
1.370000000000000000e+02,0.000000000000000000e+00,2.707447602748870850e+02,-4.500000000000000000e+01,2.044000000000000057e+02
1.370000000000000000e+02,1.000000000000000000e+00,2.707447602748870850e+02,0.000000000000000000e+00,1.831999999999999886e+02
1.370000000000000000e+02,2.000000000000000000e+00,2.707447602748870850e+02,4.500000000000000000e+01,2.121999999999999886e+02
1.380000000000000000e+02,0.000000000000000000e+00,2.727067039012908936e+02,-4.500000000000000000e+01,2.034000000000000057e+02
1.380000000000000000e+02,1.000000000000000000e+00,2.727067039012908936e+02,0.000000000000000000e+00,1.830000000000000000e+02
1.380000000000000000e+02,2.000000000000000000e+00,2.727067039012908936e+02,4.500000000000000000e+01,2.121999999999999886e+02
1.390000000000000000e+02,0.000000000000000000e+00,2.746681210994720459e+02,-4.500000000000000000e+01,2.031999999999999886e+02
1.390000000000000000e+02,1.000000000000000000e+00,2.746681210994720459e+02,0.000000000000000000e+00,1.834000000000000057e+02
1.390000000000000000e+02,2.000000000000000000e+00,2.746681210994720459e+02,4.500000000000000000e+01,2.111999999999999886e+02
1.400000000000000000e+02,0.000000000000000000e+00,2.766298968791961670e+02,-4.500000000000000000e+01,2.026699999999999875e+02
1.400000000000000000e+02,1.000000000000000000e+00,2.766298968791961670e+02,0.000000000000000000e+00,1.830000000000000000e+02
1.400000000000000000e+02,2.000000000000000000e+00,2.766298968791961670e+02,4.500000000000000000e+01,2.120000000000000000e+02
1.410000000000000000e+02,0.000000000000000000e+00,2.785913829803466797e+02,-4.500000000000000000e+01,2.041999999999999886e+02
1.410000000000000000e+02,1.000000000000000000e+00,2.785913829803466797e+02,0.000000000000000000e+00,1.830000000000000000e+02
1.410000000000000000e+02,2.000000000000000000e+00,2.785913829803466797e+02,4.500000000000000000e+01,2.130000000000000000e+02
1.420000000000000000e+02,0.000000000000000000e+00,2.805501646995544434e+02,-4.500000000000000000e+01,2.050000000000000000e+02
1.420000000000000000e+02,1.000000000000000000e+00,2.805501646995544434e+02,0.000000000000000000e+00,1.831999999999999886e+02
1.420000000000000000e+02,2.000000000000000000e+00,2.805501646995544434e+02,4.500000000000000000e+01,2.114000000000000057e+02
1.430000000000000000e+02,0.000000000000000000e+00,2.825111787319183350e+02,-4.500000000000000000e+01,2.045999999999999943e+02
1.430000000000000000e+02,1.000000000000000000e+00,2.825111787319183350e+02,0.000000000000000000e+00,1.828000000000000114e+02
1.430000000000000000e+02,2.000000000000000000e+00,2.825111787319183350e+02,4.500000000000000000e+01,2.124000000000000057e+02
1.440000000000000000e+02,0.000000000000000000e+00,2.844694123268127441e+02,-4.500000000000000000e+01,2.041999999999999886e+02
1.440000000000000000e+02,1.000000000000000000e+00,2.844694123268127441e+02,0.000000000000000000e+00,1.848000000000000114e+02
1.440000000000000000e+02,2.000000000000000000e+00,2.844694123268127441e+02,4.500000000000000000e+01,2.121999999999999886e+02
1.450000000000000000e+02,0.000000000000000000e+00,2.864318232536315918e+02,-4.500000000000000000e+01,2.050000000000000000e+02
1.450000000000000000e+02,1.000000000000000000e+00,2.864318232536315918e+02,0.000000000000000000e+00,1.830000000000000000e+02
1.450000000000000000e+02,2.000000000000000000e+00,2.864318232536315918e+02,4.500000000000000000e+01,2.118000000000000114e+02
1.460000000000000000e+02,0.000000000000000000e+00,2.883928496837615967e+02,-4.500000000000000000e+01,2.038000000000000114e+02
1.460000000000000000e+02,1.000000000000000000e+00,2.883928496837615967e+02,0.000000000000000000e+00,1.841999999999999886e+02
1.460000000000000000e+02,2.000000000000000000e+00,2.883928496837615967e+02,4.500000000000000000e+01,2.105999999999999943e+02
1.470000000000000000e+02,0.000000000000000000e+00,2.903550505638122559e+02,-4.500000000000000000e+01,2.058000000000000114e+02
1.470000000000000000e+02,1.000000000000000000e+00,2.903550505638122559e+02,0.000000000000000000e+00,1.830000000000000000e+02
1.470000000000000000e+02,2.000000000000000000e+00,2.903550505638122559e+02,4.500000000000000000e+01,2.115999999999999943e+02
1.480000000000000000e+02,0.000000000000000000e+00,2.923173937797546387e+02,-4.500000000000000000e+01,2.041999999999999886e+02
1.480000000000000000e+02,1.000000000000000000e+00,2.923173937797546387e+02,0.000000000000000000e+00,1.834000000000000057e+02
1.480000000000000000e+02,2.000000000000000000e+00,2.923173937797546387e+02,4.500000000000000000e+01,2.111999999999999886e+02
1.490000000000000000e+02,0.000000000000000000e+00,2.942784841060638428e+02,-4.500000000000000000e+01,2.044000000000000057e+02
1.490000000000000000e+02,1.000000000000000000e+00,2.942784841060638428e+02,0.000000000000000000e+00,1.834000000000000057e+02
1.490000000000000000e+02,2.000000000000000000e+00,2.942784841060638428e+02,4.500000000000000000e+01,2.105000000000000000e+02
1.500000000000000000e+02,0.000000000000000000e+00,2.962397277355194092e+02,-4.500000000000000000e+01,2.050000000000000000e+02
1.500000000000000000e+02,1.000000000000000000e+00,2.962397277355194092e+02,0.000000000000000000e+00,1.835999999999999943e+02
1.500000000000000000e+02,2.000000000000000000e+00,2.962397277355194092e+02,4.500000000000000000e+01,2.108000000000000114e+02
1.510000000000000000e+02,0.000000000000000000e+00,2.982017786502838135e+02,-4.500000000000000000e+01,2.041999999999999886e+02
1.510000000000000000e+02,1.000000000000000000e+00,2.982017786502838135e+02,0.000000000000000000e+00,1.851999999999999886e+02
1.510000000000000000e+02,2.000000000000000000e+00,2.982017786502838135e+02,4.500000000000000000e+01,2.115999999999999943e+02
1.520000000000000000e+02,0.000000000000000000e+00,3.001637551784515381e+02,-4.500000000000000000e+01,2.024000000000000057e+02
1.520000000000000000e+02,1.000000000000000000e+00,3.001637551784515381e+02,0.000000000000000000e+00,1.834000000000000057e+02
1.520000000000000000e+02,2.000000000000000000e+00,3.001637551784515381e+02,4.500000000000000000e+01,2.121999999999999886e+02
